{"cameraMode":{"drawMode":0,"name":"Shaded","section":"Shading Mode"},"sceneLighting":false,"audioPlay":false,"sceneViewState":{"showFog":true,"showMaterialUpdate":true,"showSkybox":false,"showFlares":true,"showImageEffects":true,"showParticleSystems":true},"in2DMode":false,"pivot":{"x":0.21698248386383058,"y":1.2455451488494874,"z":0.5041673183441162},"rotation":{"x":-0.024464132264256479,"y":0.710700511932373,"z":-0.02475505694746971,"w":-0.7026453018188477},"size":1.3421604633331299,"orthographic":false}