{"cameraMode":{"drawMode":0,"name":"Shaded","section":"Shading Mode"},"sceneLighting":false,"audioPlay":false,"sceneViewState":{"showFog":true,"showMaterialUpdate":true,"showSkybox":false,"showFlares":true,"showImageEffects":true,"showParticleSystems":true},"in2DMode":false,"pivot":{"x":468.7650146484375,"y":441.7200927734375,"z":-56.47999954223633},"rotation":{"x":-0.47530868649482729,"y":-0.0007946951081976295,"z":0.00043079015449620783,"w":-0.8798298835754395},"size":647.3136596679688,"orthographic":false}