{"cameraMode":{"drawMode":0,"name":"Shaded","section":"Shading Mode"},"sceneLighting":false,"audioPlay":false,"sceneViewState":{"showFog":true,"showMaterialUpdate":true,"showSkybox":false,"showFlares":true,"showImageEffects":true,"showParticleSystems":true},"in2DMode":false,"pivot":{"x":0.05000835657119751,"y":0.8154146671295166,"z":0.4802010953426361},"rotation":{"x":-0.17711417376995088,"y":0.8057500720024109,"z":-0.2966938018798828,"w":-0.48102185130119326},"size":1.2624528408050538,"orthographic":false}