{"cameraMode":{"drawMode":0,"name":"Shaded","section":"Shading Mode"},"sceneLighting":false,"audioPlay":false,"sceneViewState":{"showFog":true,"showMaterialUpdate":true,"showSkybox":false,"showFlares":true,"showImageEffects":true,"showParticleSystems":true},"in2DMode":false,"pivot":{"x":-1.1920928955078126e-7,"y":1.1098439693450928,"z":-0.3743878901004791},"rotation":{"x":-0.04956478253006935,"y":0.9500097632408142,"z":-0.20279426872730256,"w":-0.23217885196208955},"size":1.613647222518921,"orthographic":false}