{"cameraMode":{"drawMode":0,"name":"Shaded","section":"Shading Mode"},"sceneLighting":true,"audioPlay":false,"sceneViewState":{"showFog":true,"showMaterialUpdate":true,"showSkybox":true,"showFlares":true,"showImageEffects":true,"showParticleSystems":true},"in2DMode":false,"pivot":{"x":5.630000114440918,"y":0.0,"z":19.549999237060548},"rotation":{"x":-0.0393102653324604,"y":-0.7930842638015747,"z":0.051471125334501269,"w":-0.6056733131408691},"size":1.5073950290679932,"orthographic":false}