{"cameraMode":{"drawMode":0,"name":"Shaded","section":"Shading Mode"},"sceneLighting":false,"audioPlay":false,"sceneViewState":{"showFog":true,"showMaterialUpdate":true,"showSkybox":false,"showFlares":true,"showImageEffects":true,"showParticleSystems":true},"in2DMode":false,"pivot":{"x":-0.010785818099975586,"y":0.9843622446060181,"z":0.3020118772983551},"rotation":{"x":-0.035743582993745807,"y":0.8402159810066223,"z":-0.055793747305870059,"w":-0.5381937623023987},"size":0.9481284022331238,"orthographic":false}