{"cameraMode":{"drawMode":0,"name":"Shaded","section":"Shading Mode"},"sceneLighting":false,"audioPlay":false,"sceneViewState":{"showFog":true,"showMaterialUpdate":true,"showSkybox":false,"showFlares":true,"showImageEffects":true,"showParticleSystems":true},"in2DMode":false,"pivot":{"x":-0.010785818099975586,"y":0.9843622446060181,"z":0.2411728799343109},"rotation":{"x":-0.008000368252396584,"y":0.9362894892692566,"z":-0.021358467638492585,"w":-0.35049718618392947},"size":1.212723970413208,"orthographic":false}