{"cameraMode":{"drawMode":0,"name":"Shaded","section":"Shading Mode"},"sceneLighting":false,"audioPlay":false,"sceneViewState":{"showFog":true,"showMaterialUpdate":true,"showSkybox":false,"showFlares":true,"showImageEffects":true,"showParticleSystems":true},"in2DMode":false,"pivot":{"x":-0.046059250831604007,"y":0.7530349493026733,"z":-0.24814847111701966},"rotation":{"x":-0.04956478253006935,"y":0.9500097632408142,"z":-0.20279426872730256,"w":-0.23217885196208955},"size":1.2624526023864747,"orthographic":false}