{"cameraMode":{"drawMode":0,"name":"Shaded","section":"Shading Mode"},"sceneLighting":false,"audioPlay":false,"sceneViewState":{"showFog":true,"showMaterialUpdate":true,"showSkybox":false,"showFlares":true,"showImageEffects":true,"showParticleSystems":true},"in2DMode":false,"pivot":{"x":3.67999267578125,"y":-0.04998779296875,"z":-7.709999084472656},"rotation":{"x":0.00506407069042325,"y":-0.9948135614395142,"z":0.07956510782241821,"w":0.06336387246847153},"size":1.524744987487793,"orthographic":false}