{"cameraMode":{"drawMode":0,"name":"Shaded","section":"Shading Mode"},"sceneLighting":false,"audioPlay":false,"sceneViewState":{"showFog":true,"showMaterialUpdate":true,"showSkybox":false,"showFlares":true,"showImageEffects":true,"showParticleSystems":true},"in2DMode":false,"pivot":{"x":-0.010785818099975586,"y":0.9843622446060181,"z":0.3020118772983551},"rotation":{"x":-0.19647358357906342,"y":0.8026866316795349,"z":-0.418202668428421,"w":-0.37710267305374148},"size":1.548128366470337,"orthographic":false}